{
	"info": {
		"_postman_id": "9b19b5db-9b76-41e1-8950-684ab0e41d98",
		"name": "NetPriseApp",
		"schema": "https://schema.getpostman.com/json/collection/v2.1.0/collection.json"
	},
	"item": [
		{
			"name": "Authentication",
			"item": [
				{
					"name": "register  admin",
					"request": {
						"method": "POST",
						"header": [
							{
								"key": "Content-Type",
								"name": "Content-Type",
								"value": "application/json",
								"type": "text"
							}
						],
						"body": {
							"mode": "raw",
							"raw": "{\n\t\"userName\" : \"sukritirawat1\",\n\t\"password\" : \"rawat1\",\n\t\"role\":\"Admin\"\n}",
							"options": {
								"raw": {
									"language": "json"
								}
							}
						},
						"url": {
							"raw": "https://bid-product.herokuapp.com/auth/register",
							"protocol": "https",
							"host": [
								"bid-product",
								"herokuapp",
								"com"
							],
							"path": [
								"auth",
								"register"
							]
						}
					},
					"response": []
				},
				{
					"name": "register trader",
					"request": {
						"method": "POST",
						"header": [
							{
								"key": "Content-Type",
								"name": "Content-Type",
								"value": "application/json",
								"type": "text"
							}
						],
						"body": {
							"mode": "raw",
							"raw": "{\n\t\"userName\" : \"sravani\",\n\t\"password\" : \"rawat1\",\n\t\"role\":\"Trader\"\n}",
							"options": {
								"raw": {
									"language": "json"
								}
							}
						},
						"url": {
							"raw": "http://localhost:3000/auth/register",
							"protocol": "http",
							"host": [
								"localhost"
							],
							"port": "3000",
							"path": [
								"auth",
								"register"
							]
						}
					},
					"response": []
				},
				{
					"name": "login admin",
					"request": {
						"method": "POST",
						"header": [
							{
								"key": "Content-Type",
								"name": "Content-Type",
								"value": "application/json",
								"type": "text"
							}
						],
						"body": {
							"mode": "raw",
							"raw": "{\n\t\"userName\" : \"sukritirawat1\",\n\t\"password\" : \"rawat1\"\n}",
							"options": {
								"raw": {
									"language": "json"
								}
							}
						},
						"url": {
							"raw": "https://bid-product.herokuapp.com/auth/login",
							"protocol": "https",
							"host": [
								"bid-product",
								"herokuapp",
								"com"
							],
							"path": [
								"auth",
								"login"
							]
						}
					},
					"response": []
				},
				{
					"name": "login Trader",
					"request": {
						"method": "POST",
						"header": [
							{
								"key": "Content-Type",
								"name": "Content-Type",
								"value": "application/json",
								"type": "text"
							}
						],
						"body": {
							"mode": "raw",
							"raw": "{\n\t\"userName\" : \"sravani\",\n\t\"password\" : \"rawat1\"\n}",
							"options": {
								"raw": {
									"language": "json"
								}
							}
						},
						"url": {
							"raw": "https://bid-product.herokuapp.com/auth/login",
							"protocol": "https",
							"host": [
								"bid-product",
								"herokuapp",
								"com"
							],
							"path": [
								"auth",
								"login"
							]
						}
					},
					"response": []
				},
				{
					"name": "valid token",
					"request": {
						"method": "GET",
						"header": [
							{
								"key": "token",
								"value": "eyJhbGciOiJIUzI1NiIsInR5cCI6IkpXVCJ9.eyJ1c2VyIjoic3JhdmFuaSIsImlhdCI6MTU3Nzk1NzM0NCwiZXhwIjoxNTc3OTYwOTQ0fQ.pbc2gqzgpslBuaiEhPgO_70C8tFmf0zAwTZhxVo-ztg",
								"type": "text"
							}
						],
						"url": {
							"raw": "https://bid-product.herokuapp.com/auth/validateToken",
							"protocol": "https",
							"host": [
								"bid-product",
								"herokuapp",
								"com"
							],
							"path": [
								"auth",
								"validateToken"
							]
						}
					},
					"response": []
				}
			],
			"protocolProfileBehavior": {}
		},
		{
			"name": "product",
			"item": [
				{
					"name": "Add Product",
					"request": {
						"method": "POST",
						"header": [
							{
								"key": "token",
								"value": "eyJhbGciOiJIUzI1NiIsInR5cCI6IkpXVCJ9.eyJ1c2VyIjoic3Vrcml0aXJhd2F0IiwiaWF0IjoxNTc3OTU3MTY0LCJleHAiOjE1Nzc5NjA3NjR9.2FxdECNdRdHHYDM-kf9xPmLS1sz4dSStt12rSkovj4Q",
								"type": "text"
							},
							{
								"key": "Content-Type",
								"name": "Content-Type",
								"value": "application/json",
								"type": "text"
							}
						],
						"body": {
							"mode": "raw",
							"raw": "{\n    \"productName\": \"Laptop6\",\n    \"productDescription\":\"It is very nice12345678925\",\n    \"userId\":\"5e0db6dfbaa34bbc002282f8\"\n}\n",
							"options": {
								"raw": {
									"language": "json"
								}
							}
						},
						"url": {
							"raw": "https://bid-product.herokuapp.com/crud/product",
							"protocol": "https",
							"host": [
								"bid-product",
								"herokuapp",
								"com"
							],
							"path": [
								"crud",
								"product"
							]
						}
					},
					"response": []
				},
				{
					"name": "getAll Products",
					"request": {
						"method": "GET",
						"header": [
							{
								"key": "token",
								"value": "eyJhbGciOiJIUzI1NiIsInR5cCI6IkpXVCJ9.eyJ1c2VyIjoic3Vrcml0aXJhd2F0IiwiaWF0IjoxNTc3OTU3MTY0LCJleHAiOjE1Nzc5NjA3NjR9.2FxdECNdRdHHYDM-kf9xPmLS1sz4dSStt12rSkovj4Q",
								"type": "text"
							}
						],
						"url": {
							"raw": "https://bid-product.herokuapp.com/crud/product",
							"protocol": "https",
							"host": [
								"bid-product",
								"herokuapp",
								"com"
							],
							"path": [
								"crud",
								"product"
							]
						}
					},
					"response": []
				},
				{
					"name": "placeBid",
					"request": {
						"method": "POST",
						"header": [
							{
								"key": "token",
								"value": "eyJhbGciOiJIUzI1NiIsInR5cCI6IkpXVCJ9.eyJ1c2VyIjoic3JhdmFuaSIsImlhdCI6MTU3Nzk1NzM0NCwiZXhwIjoxNTc3OTYwOTQ0fQ.pbc2gqzgpslBuaiEhPgO_70C8tFmf0zAwTZhxVo-ztg",
								"type": "text"
							},
							{
								"key": "Content-Type",
								"name": "Content-Type",
								"value": "application/json",
								"type": "text"
							}
						],
						"body": {
							"mode": "raw",
							"raw": "{\n    \"productId\": \"5e0db795baa34bbc002282f9\",\n    \"userId\": \"5e0db7d5baa34bbc002282fd\",\n    \"price\": 5000\n}",
							"options": {
								"raw": {
									"language": "json"
								}
							}
						},
						"url": {
							"raw": "https://bid-product.herokuapp.com/crud/bid",
							"protocol": "https",
							"host": [
								"bid-product",
								"herokuapp",
								"com"
							],
							"path": [
								"crud",
								"bid"
							]
						}
					},
					"response": []
				},
				{
					"name": "accept bid",
					"request": {
						"method": "POST",
						"header": [
							{
								"key": "token",
								"type": "text",
								"value": "eyJhbGciOiJIUzI1NiIsInR5cCI6IkpXVCJ9.eyJ1c2VyIjoic3Vrcml0aXJhd2F0IiwiaWF0IjoxNTc3OTU3MTY0LCJleHAiOjE1Nzc5NjA3NjR9.2FxdECNdRdHHYDM-kf9xPmLS1sz4dSStt12rSkovj4Q"
							},
							{
								"key": "Content-Type",
								"name": "Content-Type",
								"type": "text",
								"value": "application/json"
							}
						],
						"body": {
							"mode": "raw",
							"raw": "{\n    \"productId\": \"5e0db795baa34bbc002282f9\",\n    \"userId\":\"5e0db7d5baa34bbc002282fd\"\n}\n",
							"options": {
								"raw": {
									"language": "json"
								}
							}
						},
						"url": {
							"raw": "https://bid-product.herokuapp.com/crud/acceptBid",
							"protocol": "https",
							"host": [
								"bid-product",
								"herokuapp",
								"com"
							],
							"path": [
								"crud",
								"acceptBid"
							]
						}
					},
					"response": []
				}
			],
			"protocolProfileBehavior": {}
		}
	],
	"protocolProfileBehavior": {}
}